ticker,date,n_headlines,n_positive,n_negative,n_neutral,avg_confidence,net_sentiment,pct_positive,pct_negative,pct_neutral,sector,next_session_return,label,prior_1d_return,prior_3d_return,market_net_sentiment
ICICIBANK.NS,2026-07-14,1,0,1,0,0.9047,-0.9047,0.0,1.0,0.0,Banking,0.603822964528522,UP,-0.12771074193801413,1.9555308530495807,-0.31483333333333335
^NSEI,2026-07-14,3,0,1,2,0.8269000000000001,-0.31483333333333335,0.0,0.3333333333333333,0.6666666666666666,Index,0.10996658451518648,FLAT,-0.6565165369047166,0.3724522889237303,-0.31483333333333335
HCLTECH.NS,2026-07-14,1,0,1,0,0.9153,-0.9153,0.0,1.0,0.0,IT,0.1114256650659895,FLAT,-4.462823670640958,1.4168970276677628,-0.31483333333333335
INDUSINDBK.NS,2026-07-14,1,0,1,0,0.9047,-0.9047,0.0,1.0,0.0,Banking,1.238285147983098,UP,-1.5352007555849423,-1.7534402206608624,-0.31483333333333335
TECHM.NS,2026-07-14,1,0,1,0,0.9153,-0.9153,0.0,1.0,0.0,IT,0.9701476702853151,UP,-1.3426355049435013,4.06646554122001,-0.31483333333333335
INFY.NS,2026-07-14,1,0,1,0,0.9153,-0.9153,0.0,1.0,0.0,IT,-1.5188924160594919,DOWN,-0.879734390227993,4.006468750442904,-0.31483333333333335
HDFCBANK.NS,2026-07-14,1,0,1,0,0.9047,-0.9047,0.0,1.0,0.0,Banking,0.7474657289945563,UP,-1.0452946592541479,-0.9968764602281577,-0.31483333333333335
TCS.NS,2026-07-14,2,0,1,1,0.92255,-0.45765,0.0,0.5,0.5,IT,0.027408091421876613,FLAT,0.8755444513198984,7.372533754143462,-0.31483333333333335
SBIN.NS,2026-07-14,1,0,1,0,0.9047,-0.9047,0.0,1.0,0.0,Banking,1.4477004942320848,UP,-2.082929178971804,-0.6555083976040987,-0.31483333333333335
KOTAKBANK.NS,2026-07-14,1,0,1,0,0.9047,-0.9047,0.0,1.0,0.0,Banking,-0.0660249911615507,FLAT,-1.5598584318141206,0.39771739863463385,-0.31483333333333335
AXISBANK.NS,2026-07-14,1,0,1,0,0.9047,-0.9047,0.0,1.0,0.0,Banking,-0.4022409574996888,DOWN,-0.13642934627990932,1.6196205765398153,-0.31483333333333335
WIPRO.NS,2026-07-14,1,0,1,0,0.9153,-0.9153,0.0,1.0,0.0,IT,-1.405667906143604,DOWN,-0.7229655964695381,2.5353146414918593,-0.31483333333333335
INDUSINDBK.NS,2026-07-15,2,0,0,2,0.71655,0.0,0.0,0.0,1.0,Banking,0.3763481971900351,UP,1.238285147983098,-0.6005095155780515,0.2567333333333333
ICICIBANK.NS,2026-07-15,2,0,0,2,0.71655,0.0,0.0,0.0,1.0,Banking,0.14122274191163964,FLAT,0.603822964528522,1.0705135210831163,0.2567333333333333
WIPRO.NS,2026-07-15,2,0,2,0,0.8908499999999999,-0.8908499999999999,0.0,1.0,0.0,IT,1.7692565040191344,UP,-1.405667906143604,-0.4616459187677391,0.2567333333333333
^NSEI,2026-07-15,3,1,0,2,0.6739,0.2567333333333333,0.3333333333333333,0.0,0.6666666666666666,Index,-0.023880225097083763,FLAT,0.10996658451518648,-0.5304288800012102,0.2567333333333333
HDFCBANK.NS,2026-07-15,2,0,0,2,0.71655,0.0,0.0,0.0,1.0,Banking,-0.8768194625089043,DOWN,0.7474657289945563,-1.1515849275017476,0.2567333333333333
TECHM.NS,2026-07-15,2,0,2,0,0.8908499999999999,-0.8908499999999999,0.0,1.0,0.0,IT,0.7740106782001099,UP,0.9701476702853151,3.0175901065656596,0.2567333333333333
HCLTECH.NS,2026-07-15,2,0,2,0,0.8908499999999999,-0.8908499999999999,0.0,1.0,0.0,IT,1.660962219731954,UP,0.1114256650659895,0.3350235997462647,0.2567333333333333
SBIN.NS,2026-07-15,2,0,0,2,0.71655,0.0,0.0,0.0,1.0,Banking,0.10678338142002808,FLAT,1.4477004942320848,-0.5695004260678038,0.2567333333333333
AXISBANK.NS,2026-07-15,2,0,0,2,0.71655,0.0,0.0,0.0,1.0,Banking,-0.35815538118623147,DOWN,-0.4022409574996888,-0.8612149855907747,0.2567333333333333
INFY.NS,2026-07-15,2,0,2,0,0.8908499999999999,-0.8908499999999999,0.0,1.0,0.0,IT,0.5667541864909476,UP,-1.5188924160594919,0.7771581299742536,0.2567333333333333
KOTAKBANK.NS,2026-07-15,2,0,0,2,0.71655,0.0,0.0,0.0,1.0,Banking,-0.3303349859642535,DOWN,-0.0660249911615507,0.21186262292873792,0.2567333333333333
TCS.NS,2026-07-15,2,0,2,0,0.8908499999999999,-0.8908499999999999,0.0,1.0,0.0,IT,0.5390119263344761,UP,0.027408091421876613,6.389721621311528,0.2567333333333333
TCS.NS,2026-07-16,1,1,0,0,0.7923,0.7923,1.0,0.0,0.0,IT,3.0895047705588263,UP,0.5390119263344761,1.4470727544614759,0.0
SBIN.NS,2026-07-16,2,1,1,0,0.6293,-0.10880000000000001,0.5,0.5,0.0,Banking,1.2703741540486702,UP,0.10678338142002808,-0.5593103980834124,0.0
ICICIBANK.NS,2026-07-16,2,1,1,0,0.6293,-0.10880000000000001,0.5,0.5,0.0,Banking,1.8403721001933215,UP,0.14122274191163964,0.6172351074148485,0.0
AXISBANK.NS,2026-07-16,2,1,1,0,0.6293,-0.10880000000000001,0.5,0.5,0.0,Banking,1.5983500156228736,UP,-0.35815538118623147,-0.8943495990433425,0.0
TECHM.NS,2026-07-16,1,1,0,0,0.7923,0.7923,1.0,0.0,0.0,IT,4.144870129250822,UP,0.7740106782001099,0.3855133817298073,0.0
HDFCBANK.NS,2026-07-16,2,1,1,0,0.6293,-0.10880000000000001,0.5,0.5,0.0,Banking,1.3979943045431487,UP,-0.8768194625089043,-1.1797816822600615,0.0
KOTAKBANK.NS,2026-07-16,2,1,1,0,0.6293,-0.10880000000000001,0.5,0.5,0.0,Banking,3.5723804002739223,UP,-0.3303349859642535,-1.9498210528792081,0.0
INDUSINDBK.NS,2026-07-16,2,1,1,0,0.6293,-0.10880000000000001,0.5,0.5,0.0,Banking,1.3517465389121908,UP,0.3763481971900351,0.05923344569813693,0.0
WIPRO.NS,2026-07-16,1,1,0,0,0.7923,0.7923,1.0,0.0,0.0,IT,-0.9789579396705883,DOWN,1.7692565040191344,-0.38669568931352094,0.0
INFY.NS,2026-07-16,1,1,0,0,0.7923,0.7923,1.0,0.0,0.0,IT,1.3026584689491472,UP,0.5667541864909476,-1.8320289877696072,0.0
HCLTECH.NS,2026-07-16,1,1,0,0,0.7923,0.7923,1.0,0.0,0.0,IT,2.4247064325362055,UP,1.660962219731954,-2.76776618888398,0.0
HCLTECH.NS,2026-07-17,1,1,0,0,0.8756,0.8756,1.0,0.0,0.0,IT,1.4453047646154182,UP,2.4247064325362055,4.241965133554371,-0.38025
TCS.NS,2026-07-17,1,1,0,0,0.8756,0.8756,1.0,0.0,0.0,IT,-0.7888894818752767,DOWN,3.0895047705588263,3.6735766588811503,-0.38025
INFY.NS,2026-07-17,1,1,0,0,0.8756,0.8756,1.0,0.0,0.0,IT,-0.8572753683595558,DOWN,1.3026584689491472,0.3293966058668163,-0.38025
WIPRO.NS,2026-07-17,1,1,0,0,0.8756,0.8756,1.0,0.0,0.0,IT,0.21590493869174665,FLAT,-0.9789579396705883,-0.6435551265207451,-0.38025
TECHM.NS,2026-07-17,1,1,0,0,0.8756,0.8756,1.0,0.0,0.0,IT,0.222518910653835,FLAT,4.144870129250822,5.969141862919725,-0.38025
^NSEI,2026-07-17,2,0,1,1,0.6456500000000001,-0.38025,0.0,0.5,0.5,Index,-0.3936861885253551,DOWN,1.086501464311307,1.173496607698965,-0.38025
^NSEI,2026-07-18,1,0,1,0,0.5105,-0.5105,0.0,1.0,0.0,Index,-0.3936861885253551,DOWN,1.086501464311307,1.173496607698965,-0.5105
HCLTECH.NS,2026-07-19,1,0,0,1,0.9032,0.0,0.0,0.0,1.0,IT,1.4453047646154182,UP,2.4247064325362055,4.241965133554371,0.0
TCS.NS,2026-07-19,1,0,0,1,0.9032,0.0,0.0,0.0,1.0,IT,-0.7888894818752767,DOWN,3.0895047705588263,3.6735766588811503,0.0
INFY.NS,2026-07-19,1,0,0,1,0.9032,0.0,0.0,0.0,1.0,IT,-0.8572753683595558,DOWN,1.3026584689491472,0.3293966058668163,0.0
WIPRO.NS,2026-07-19,1,0,0,1,0.9032,0.0,0.0,0.0,1.0,IT,0.21590493869174665,FLAT,-0.9789579396705883,-0.6435551265207451,0.0
TECHM.NS,2026-07-19,1,0,0,1,0.9032,0.0,0.0,0.0,1.0,IT,0.222518910653835,FLAT,4.144870129250822,5.969141862919725,0.0
^NSEI,2026-07-20,2,0,0,2,0.83005,0.0,0.0,0.0,1.0,Index,-0.20958714957608482,FLAT,-0.3936861885253551,0.6644932200926101,0.0
ICICIBANK.NS,2026-07-20,3,0,3,0,0.8490666666666667,-0.8490666666666667,0.0,1.0,0.0,Banking,0.19860130993571978,FLAT,1.1008717191209216,3.1069090142909817,0.0
HDFCBANK.NS,2026-07-20,3,0,3,0,0.8490666666666667,-0.8490666666666667,0.0,1.0,0.0,Banking,-2.076898647886005,DOWN,-5.1244511043297525,-4.641613349008589,0.0
KOTAKBANK.NS,2026-07-20,3,0,3,0,0.8490666666666667,-0.8490666666666667,0.0,1.0,0.0,Banking,1.0208152175563034,UP,-2.0259069539067864,1.1388958882911915,0.0
AXISBANK.NS,2026-07-20,3,0,3,0,0.8490666666666667,-0.8490666666666667,0.0,1.0,0.0,Banking,0.1751553480792145,FLAT,-5.457282649604823,-4.290181112040692,0.0
SBIN.NS,2026-07-20,3,0,3,0,0.8490666666666667,-0.8490666666666667,0.0,1.0,0.0,Banking,-1.4716958099941002,DOWN,1.5033946603270731,2.902633251404052,0.0
INDUSINDBK.NS,2026-07-20,3,0,3,0,0.8490666666666667,-0.8490666666666667,0.0,1.0,0.0,Banking,2.9626737967029637,UP,0.5500413437147023,2.292756571162591,0.0
AXISBANK.NS,2026-07-21,3,0,2,1,0.9293999999999999,-0.6214666666666666,0.0,0.6666666666666666,0.3333333333333333,Banking,-1.5736709208557076,DOWN,0.1751553480792145,-3.777915672713761,-0.8942
ICICIBANK.NS,2026-07-21,3,0,2,1,0.9293999999999999,-0.6214666666666666,0.0,0.6666666666666666,0.3333333333333333,Banking,-1.530998154560248,DOWN,0.19860130993571978,3.165986850876612,-0.8942
SBIN.NS,2026-07-21,3,0,2,1,0.9293999999999999,-0.6214666666666666,0.0,0.6666666666666666,0.3333333333333333,Banking,-1.857528146358145,DOWN,-1.4716958099941002,1.2800692268445824,-0.8942
^NSEI,2026-07-21,1,0,1,0,0.8942,-0.8942,0.0,1.0,0.0,Index,-0.79151479856997,DOWN,-0.20958714957608482,0.47750763311213973,-0.8942
INDUSINDBK.NS,2026-07-21,3,0,2,1,0.9293999999999999,-0.6214666666666666,0.0,0.6666666666666666,0.3333333333333333,Banking,0.5501055926330656,UP,2.9626737967029637,4.928460895103592,-0.8942
HDFCBANK.NS,2026-07-21,3,0,2,1,0.9293999999999999,-0.6214666666666666,0.0,0.6666666666666666,0.3333333333333333,Banking,-1.0900239884311769,DOWN,-2.076898647886005,-5.796112370836415,-0.8942
KOTAKBANK.NS,2026-07-21,3,0,2,1,0.9293999999999999,-0.6214666666666666,0.0,0.6666666666666666,0.3333333333333333,Banking,-1.2436891200231615,DOWN,1.0208152175563034,2.5099634016019445,-0.8942
INDUSINDBK.NS,2026-07-22,4,2,2,0,0.933925,-0.008775000000000033,0.5,0.5,0.0,Banking,-5.966524447281674,DOWN,0.5501055926330656,4.098529951079177,-0.9493
KOTAKBANK.NS,2026-07-22,4,2,2,0,0.933925,-0.008775000000000033,0.5,0.5,0.0,Banking,0.5772037891278892,UP,-1.2436891200231615,-2.2567042018387884,-0.9493
ICICIBANK.NS,2026-07-22,4,2,2,0,0.933925,-0.008775000000000033,0.5,0.5,0.0,Banking,-0.42340155510119937,DOWN,-1.530998154560248,-0.2492671608541941,-0.9493
^NSEI,2026-07-22,1,0,1,0,0.9493,-0.9493,0.0,1.0,0.0,Index,-0.5277924285044588,DOWN,-0.79151479856997,-1.3891945541762762,-0.9493
HDFCBANK.NS,2026-07-22,4,2,2,0,0.933925,-0.008775000000000033,0.5,0.5,0.0,Banking,-0.7833797016275179,DOWN,-1.0900239884311769,-8.107607753937462,-0.9493
AXISBANK.NS,2026-07-22,4,2,2,0,0.933925,-0.008775000000000033,0.5,0.5,0.0,Banking,-1.2435419985839302,DOWN,-1.5736709208557076,-6.782083220620061,-0.9493
SBIN.NS,2026-07-22,4,2,2,0,0.933925,-0.008775000000000033,0.5,0.5,0.0,Banking,-1.2097584794207195,DOWN,-1.857528146358145,-1.8481325218535405,-0.9493
^NSEI,2026-07-23,2,2,0,0,0.4891,0.4891,1.0,0.0,0.0,Index,-0.4279518395644999,DOWN,-0.5277924285044588,-1.5219604786806062,0.4891
HDFCBANK.NS,2026-07-24,1,0,1,0,0.9159,-0.9159,0.0,1.0,0.0,Banking,-0.43753366362545565,DOWN,-0.5955185288767151,-2.4492775776582043,0.0
TECHM.NS,2026-07-24,1,0,0,1,0.8236,0.0,0.0,0.0,1.0,IT,0.9939083039435692,UP,0.2378166252573255,-1.065790034112779,0.0
KOTAKBANK.NS,2026-07-24,1,0,1,0,0.9159,-0.9159,0.0,1.0,0.0,Banking,-0.025992489542725483,FLAT,0.3651999150109164,-0.31092425678888036,0.0
HCLTECH.NS,2026-07-24,1,0,0,1,0.8236,0.0,0.0,0.0,1.0,IT,1.9590892536634597,UP,2.112962951702846,2.5413473174667134,0.0
INDUSINDBK.NS,2026-07-24,1,0,1,0,0.9159,-0.9159,0.0,1.0,0.0,Banking,1.0642072939111236,UP,-0.939832143911612,-6.3378594643438095,0.0
SBIN.NS,2026-07-24,1,0,1,0,0.9159,-0.9159,0.0,1.0,0.0,Banking,0.551721732604693,UP,0.23701604502543994,-2.815015676637578,0.0
ICICIBANK.NS,2026-07-24,1,0,1,0,0.9159,-0.9159,0.0,1.0,0.0,Banking,0.8932934393476977,UP,-0.11850014681662469,-2.0641093014572176,0.0
^NSEI,2026-07-24,2,0,0,2,0.86635,0.0,0.0,0.0,1.0,Index,0.9613989195766948,UP,-0.4279518395644999,-1.7374533898380395,0.0
AXISBANK.NS,2026-07-24,1,0,1,0,0.9159,-0.9159,0.0,1.0,0.0,Banking,0.016291955016689563,FLAT,0.3515984323896104,-2.4558816994842636,0.0
WIPRO.NS,2026-07-24,1,0,0,1,0.8236,0.0,0.0,0.0,1.0,IT,1.9472383263986925,UP,1.3156321964498563,1.2287788869236094,0.0
INFY.NS,2026-07-24,1,0,0,1,0.8236,0.0,0.0,0.0,1.0,IT,3.6795009952441893,UP,-0.6205842895255054,-3.0367932543956644,0.0
TCS.NS,2026-07-24,1,0,0,1,0.8236,0.0,0.0,0.0,1.0,IT,1.832056422550954,UP,0.508277095757248,1.4947525871034983,0.0
HCLTECH.NS,2026-07-25,1,1,0,0,0.9074,0.9074,1.0,0.0,0.0,IT,1.9590892536634597,UP,2.112962951702846,2.5413473174667134,0.0
TCS.NS,2026-07-25,1,1,0,0,0.9074,0.9074,1.0,0.0,0.0,IT,1.832056422550954,UP,0.508277095757248,1.4947525871034983,0.0
INFY.NS,2026-07-25,1,1,0,0,0.9074,0.9074,1.0,0.0,0.0,IT,3.6795009952441893,UP,-0.6205842895255054,-3.0367932543956644,0.0
TECHM.NS,2026-07-25,1,1,0,0,0.9074,0.9074,1.0,0.0,0.0,IT,0.9939083039435692,UP,0.2378166252573255,-1.065790034112779,0.0
WIPRO.NS,2026-07-25,1,1,0,0,0.9074,0.9074,1.0,0.0,0.0,IT,1.9472383263986925,UP,1.3156321964498563,1.2287788869236094,0.0
AXISBANK.NS,2026-07-26,1,1,0,0,0.7092,0.7092,1.0,0.0,0.0,Banking,0.016291955016689563,FLAT,0.3515984323896104,-2.4558816994842636,-0.5568
KOTAKBANK.NS,2026-07-26,1,1,0,0,0.7092,0.7092,1.0,0.0,0.0,Banking,-0.025992489542725483,FLAT,0.3651999150109164,-0.31092425678888036,-0.5568
ICICIBANK.NS,2026-07-26,1,1,0,0,0.7092,0.7092,1.0,0.0,0.0,Banking,0.8932934393476977,UP,-0.11850014681662469,-2.0641093014572176,-0.5568
^NSEI,2026-07-26,1,0,1,0,0.5568,-0.5568,0.0,1.0,0.0,Index,0.9613989195766948,UP,-0.4279518395644999,-1.7374533898380395,-0.5568
INDUSINDBK.NS,2026-07-26,1,1,0,0,0.7092,0.7092,1.0,0.0,0.0,Banking,1.0642072939111236,UP,-0.939832143911612,-6.3378594643438095,-0.5568
HDFCBANK.NS,2026-07-26,1,1,0,0,0.7092,0.7092,1.0,0.0,0.0,Banking,-0.43753366362545565,DOWN,-0.5955185288767151,-2.4492775776582043,-0.5568
SBIN.NS,2026-07-26,1,1,0,0,0.7092,0.7092,1.0,0.0,0.0,Banking,0.551721732604693,UP,0.23701604502543994,-2.815015676637578,-0.5568
ICICIBANK.NS,2026-07-27,4,1,0,3,0.891125,0.2355,0.25,0.0,0.75,Banking,-1.030639470749939,DOWN,0.8932934393476977,0.34705717847760553,0.0
INDUSINDBK.NS,2026-07-27,4,1,0,3,0.891125,0.2355,0.25,0.0,0.75,Banking,-1.4602902548566998,DOWN,1.0642072939111236,-5.858975175650882,0.0
AXISBANK.NS,2026-07-27,4,1,0,3,0.891125,0.2355,0.25,0.0,0.75,Banking,-0.32586558044807035,DOWN,0.016291955016689563,-0.8801699127242602,0.0
HDFCBANK.NS,2026-07-27,4,1,0,3,0.891125,0.2355,0.25,0.0,0.75,Banking,-0.5611471093780906,DOWN,-0.43753366362545565,-1.805753990604242,0.0
KOTAKBANK.NS,2026-07-27,4,1,0,3,0.891125,0.2355,0.25,0.0,0.75,Banking,0.16898320727889438,FLAT,-0.025992489542725483,0.9182736602510788,0.0
SBIN.NS,2026-07-27,4,1,0,3,0.891125,0.2355,0.25,0.0,0.75,Banking,-0.7250601171784221,DOWN,0.551721732604693,-0.42927067454267,0.0
INFY.NS,2026-07-28,2,0,2,0,0.88515,-0.88515,0.0,1.0,0.0,IT,4.5129806111663395,UP,2.45552272043974,5.566156711751713,-0.8775
^NSEI,2026-07-28,1,0,1,0,0.8775,-0.8775,0.0,1.0,0.0,Index,1.1042140877174367,UP,-0.04417249460887396,0.4849264415584864,-0.8775
TECHM.NS,2026-07-28,2,0,2,0,0.88515,-0.88515,0.0,1.0,0.0,IT,0.550391405867523,UP,3.8222191220238066,5.103477301183812,-0.8775
HCLTECH.NS,2026-07-28,2,0,2,0,0.88515,-0.88515,0.0,1.0,0.0,IT,1.9490424479014168,UP,1.751674569351036,5.937175810482365,-0.8775
WIPRO.NS,2026-07-28,2,0,2,0,0.88515,-0.88515,0.0,1.0,0.0,IT,1.3747822218927341,UP,1.4507345295467378,4.78693079243202,-0.8775
TCS.NS,2026-07-28,2,0,2,0,0.88515,-0.88515,0.0,1.0,0.0,IT,2.0266929798269384,UP,4.460702996497412,6.915159142598193,-0.8775
TCS.NS,2026-07-29,1,1,0,0,0.5609,0.5609,1.0,0.0,0.0,IT,-0.6049230866255084,DOWN,2.0266929798269384,8.530366174107584,-0.10816666666666667
INDUSINDBK.NS,2026-07-29,3,0,0,3,0.7394333333333334,0.0,0.0,0.0,1.0,Banking,-0.08396479266888912,FLAT,2.051512206815742,1.6314442246022631,-0.10816666666666667
TECHM.NS,2026-07-29,1,1,0,0,0.5609,0.5609,1.0,0.0,0.0,IT,1.5083353341817762,UP,0.550391405867523,5.4312248266672025,-0.10816666666666667
^NSEI,2026-07-29,12,2,3,7,0.8513999999999999,-0.10816666666666667,0.16666666666666666,0.25,0.5833333333333334,Index,0.27608503860552247,FLAT,1.1042140877174367,2.0311392928912264,-0.10816666666666667
AXISBANK.NS,2026-07-29,3,0,0,3,0.7394333333333334,0.0,0.0,0.0,1.0,Banking,-0.5261453676174921,DOWN,0.9726215295514873,0.6599833181520465,-0.10816666666666667
HCLTECH.NS,2026-07-29,1,1,0,0,0.5609,0.5609,1.0,0.0,0.0,IT,0.6248532350402458,UP,1.9490424479014168,5.767116351544055,-0.10816666666666667
WIPRO.NS,2026-07-29,1,1,0,0,0.5609,0.5609,1.0,0.0,0.0,IT,1.4814014550740051,UP,1.3747822218927341,4.848107429127491,-0.10816666666666667
ICICIBANK.NS,2026-07-29,3,0,0,3,0.7394333333333334,0.0,0.0,0.0,1.0,Banking,-0.2781829535335012,FLAT,0.4962262730547895,0.3489463740435683,-0.10816666666666667
INFY.NS,2026-07-29,2,2,0,0,0.7148,0.7148,1.0,0.0,0.0,IT,-0.043267567546156904,FLAT,4.5129806111663395,11.01930526290853,-0.10816666666666667
HDFCBANK.NS,2026-07-29,3,0,0,3,0.7394333333333334,0.0,0.0,0.0,1.0,Banking,0.7685110807521545,UP,1.7405476431915146,0.7269822970928264,-0.10816666666666667
KOTAKBANK.NS,2026-07-29,3,0,0,3,0.7394333333333334,0.0,0.0,0.0,1.0,Banking,-0.2050277512863019,FLAT,1.2717426860380687,1.4165073962394636,-0.10816666666666667
SBIN.NS,2026-07-29,3,0,0,3,0.7394333333333334,0.0,0.0,0.0,1.0,Banking,1.1443263767786815,UP,0.04934859790524104,-0.12807761507080961,-0.10816666666666667
KOTAKBANK.NS,2026-07-30,3,2,0,1,0.8296333333333333,0.6142,0.6666666666666666,0.0,0.3333333333333333,Banking,0.23112324360321512,FLAT,-0.2050277512863019,1.2348888795974622,-0.17946666666666666
ADANIENT.NS,2026-07-30,1,0,0,1,0.9404,0.0,0.0,0.0,1.0,Conglomerate_Infra,-1.298747052833371,DOWN,0.8133608086047239,0.4116445892775822,-0.17946666666666666
HDFCBANK.NS,2026-07-30,3,2,0,1,0.8296333333333333,0.6142,0.6666666666666666,0.0,0.3333333333333333,Banking,-0.7692801510793101,DOWN,0.7685110807521545,1.9471333448380257,-0.17946666666666666
ADANIPORTS.NS,2026-07-30,2,0,1,1,0.7657,-0.2955,0.0,0.5,0.5,Conglomerate_Infra,1.9469998731689309,UP,-3.233120728302019,-6.004295490410783,-0.17946666666666666
ASIANPAINT.NS,2026-07-30,1,0,0,1,0.9404,0.0,0.0,0.0,1.0,Consumer_Other,0.040058905972251146,FLAT,-0.44228362832774426,1.3283152774183238,-0.17946666666666666
INFY.NS,2026-07-30,1,0,0,1,0.7208,0.0,0.0,0.0,1.0,IT,-2.16431482368602,DOWN,-0.043267567546156904,7.032989978515536,-0.17946666666666666
INDUSINDBK.NS,2026-07-30,3,2,0,1,0.8296333333333333,0.6142,0.6666666666666666,0.0,0.3333333333333333,Banking,0.09886796064375591,FLAT,-0.08396479266888912,0.4768278623708211,-0.17946666666666666
TCS.NS,2026-07-30,1,0,0,1,0.7208,0.0,0.0,0.0,1.0,IT,-2.722261281464178,DOWN,-0.6049230866255084,5.933087008966931,-0.17946666666666666
AXISBANK.NS,2026-07-30,3,2,0,1,0.8296333333333333,0.6142,0.6666666666666666,0.0,0.3333333333333333,Banking,0.04882216405062145,FLAT,-0.5261453676174921,0.11405494208247546,-0.17946666666666666
ICICIBANK.NS,2026-07-30,3,2,0,1,0.8296333333333333,0.6142,0.6666666666666666,0.0,0.3333333333333333,Banking,0.10460746745364347,FLAT,-0.2781829535335012,-0.8162095815240966,-0.17946666666666666
TECHM.NS,2026-07-30,1,0,0,1,0.7208,0.0,0.0,0.0,1.0,IT,-1.0605123530182725,DOWN,1.5083353341817762,5.968253968253978,-0.17946666666666666
SBIN.NS,2026-07-30,3,2,0,1,0.8296333333333333,0.6142,0.6666666666666666,0.0,0.3333333333333333,Banking,0.20481571110209096,FLAT,1.1443263767786815,0.4605206108778237,-0.17946666666666666
WIPRO.NS,2026-07-30,1,0,0,1,0.7208,0.0,0.0,0.0,1.0,IT,-1.4383126218182718,DOWN,1.4814014550740051,4.369015350411987,-0.17946666666666666
HCLTECH.NS,2026-07-30,1,0,0,1,0.7208,0.0,0.0,0.0,1.0,IT,-0.4287666864176254,DOWN,0.6248532350402458,4.38304851359923,-0.17946666666666666
^NSEI,2026-07-30,9,1,3,5,0.8949222222222222,-0.17946666666666666,0.1111111111111111,0.3333333333333333,0.5555555555555556,Index,0.27326071386892803,FLAT,0.27608503860552247,1.3385641424179084,-0.17946666666666666
COALINDIA.NS,2026-07-30,1,0,1,0,0.591,-0.591,0.0,1.0,0.0,Energy,0.5950890495045824,UP,1.7436935036871715,-2.409356951895536,-0.17946666666666666
^NSEI,2026-07-31,8,3,3,2,0.8005249999999999,0.0821375,0.375,0.375,0.25,Index,1.602311299947612,UP,0.27326071386892803,1.6603885558722054,0.0821375
SBIN.NS,2026-07-31,1,0,0,1,0.9231,0.0,0.0,0.0,1.0,Banking,1.7130596814979526,UP,0.20481571110209096,1.4015013853088787,0.0821375
TECHM.NS,2026-07-31,1,0,1,0,0.9714,-0.9714,0.0,1.0,0.0,IT,-0.13928715315895124,FLAT,-1.0605123530182725,0.9845950426253136,0.0821375
TCS.NS,2026-07-31,1,0,1,0,0.9714,-0.9714,0.0,1.0,0.0,IT,4.569658820302136,UP,-2.722261281464178,-1.3511218658778135,0.0821375
TATASTEEL.NS,2026-07-31,1,1,0,0,0.9015,0.9015,1.0,0.0,0.0,Materials,0.6905991574323478,UP,1.481919698050338,3.8657380330926028,0.0821375
SUNPHARMA.NS,2026-07-31,1,0,1,0,0.9216,-0.9216,0.0,1.0,0.0,Pharma,-1.3564431047475511,DOWN,-0.5297074466673601,0.6981357398194721,0.0821375
WIPRO.NS,2026-07-31,1,0,1,0,0.9714,-0.9714,0.0,1.0,0.0,IT,2.7280206545766905,UP,-1.4383126218182718,1.3968633212804393,0.0821375
MARUTI.NS,2026-07-31,1,0,1,0,0.9216,-0.9216,0.0,1.0,0.0,Auto,-0.5901381832938202,DOWN,0.32422018496596205,3.1299851822926827,0.0821375
INFY.NS,2026-07-31,1,0,1,0,0.9714,-0.9714,0.0,1.0,0.0,IT,4.415540703661214,UP,-2.16431482368602,2.206749162664079,0.0821375
BAJAJFINSV.NS,2026-07-31,1,0,1,0,0.9216,-0.9216,0.0,1.0,0.0,Finance_NBFC,3.297029481987157,UP,6.2689823840662795,5.249232319639208,0.0821375
HDFCBANK.NS,2026-07-31,1,0,0,1,0.9231,0.0,0.0,0.0,1.0,Banking,0.6482624377023738,UP,-0.7692801510793101,1.7337502823933981,0.0821375
HCLTECH.NS,2026-07-31,1,0,1,0,0.9714,-0.9714,0.0,1.0,0.0,IT,2.23475945061562,UP,-0.4287666864176254,2.146219426065854,0.0821375
AXISBANK.NS,2026-07-31,1,0,0,1,0.9231,0.0,0.0,0.0,1.0,Banking,3.4566897112647377,UP,0.04882216405062145,0.4903964037596964,0.0821375
INDUSINDBK.NS,2026-07-31,1,0,0,1,0.9231,0.0,0.0,0.0,1.0,Banking,1.624772779761452,UP,0.09886796064375591,2.0666363977745794,0.0821375
BAJFINANCE.NS,2026-07-31,1,1,0,0,0.9345,0.9345,1.0,0.0,0.0,Finance_NBFC,1.0340036218900783,UP,8.324627543604656,8.851576172909503,0.0821375
ICICIBANK.NS,2026-07-31,1,0,0,1,0.9231,0.0,0.0,0.0,1.0,Banking,2.571306376154081,UP,0.10460746745364347,0.32149701564767597,0.0821375
KOTAKBANK.NS,2026-07-31,1,0,0,1,0.9231,0.0,0.0,0.0,1.0,Banking,1.8447380046679562,UP,0.23112324360321512,1.2976901527146145,0.0821375
ITC.NS,2026-07-31,1,0,1,0,0.9216,-0.9216,0.0,1.0,0.0,FMCG,2.1352313167259718,UP,-1.4207991462572012,-1.2822743631646594,0.0821375
INDUSINDBK.NS,2026-08-01,3,1,0,2,0.9088333333333334,0.29673333333333335,0.3333333333333333,0.0,0.6666666666666666,Banking,1.624772779761452,UP,0.09886796064375591,2.0666363977745794,0.451
SBIN.NS,2026-08-01,3,1,0,2,0.9088333333333334,0.29673333333333335,0.3333333333333333,0.0,0.6666666666666666,Banking,1.7130596814979526,UP,0.20481571110209096,1.4015013853088787,0.451
HDFCBANK.NS,2026-08-01,3,1,0,2,0.9088333333333334,0.29673333333333335,0.3333333333333333,0.0,0.6666666666666666,Banking,0.6482624377023738,UP,-0.7692801510793101,1.7337502823933981,0.451
ICICIBANK.NS,2026-08-01,3,1,0,2,0.9088333333333334,0.29673333333333335,0.3333333333333333,0.0,0.6666666666666666,Banking,2.571306376154081,UP,0.10460746745364347,0.32149701564767597,0.451
AXISBANK.NS,2026-08-01,3,1,0,2,0.9088333333333334,0.29673333333333335,0.3333333333333333,0.0,0.6666666666666666,Banking,3.4566897112647377,UP,0.04882216405062145,0.4903964037596964,0.451
^NSEI,2026-08-01,2,1,0,1,0.8874500000000001,0.451,0.5,0.0,0.5,Index,1.602311299947612,UP,0.27326071386892803,1.6603885558722054,0.451
KOTAKBANK.NS,2026-08-01,3,1,0,2,0.9088333333333334,0.29673333333333335,0.3333333333333333,0.0,0.6666666666666666,Banking,1.8447380046679562,UP,0.23112324360321512,1.2976901527146145,0.451
KOTAKBANK.NS,2026-08-02,7,0,5,2,0.7701857142857144,-0.5484857142857142,0.0,0.7142857142857143,0.2857142857142857,Banking,1.8447380046679562,UP,0.23112324360321512,1.2976901527146145,0.0
SBIN.NS,2026-08-02,7,0,5,2,0.7701857142857144,-0.5484857142857142,0.0,0.7142857142857143,0.2857142857142857,Banking,1.7130596814979526,UP,0.20481571110209096,1.4015013853088787,0.0
ICICIBANK.NS,2026-08-02,7,0,5,2,0.7701857142857144,-0.5484857142857142,0.0,0.7142857142857143,0.2857142857142857,Banking,2.571306376154081,UP,0.10460746745364347,0.32149701564767597,0.0
AXISBANK.NS,2026-08-02,7,0,5,2,0.7701857142857144,-0.5484857142857142,0.0,0.7142857142857143,0.2857142857142857,Banking,3.4566897112647377,UP,0.04882216405062145,0.4903964037596964,0.0
INDUSINDBK.NS,2026-08-02,7,0,5,2,0.7701857142857144,-0.5484857142857142,0.0,0.7142857142857143,0.2857142857142857,Banking,1.624772779761452,UP,0.09886796064375591,2.0666363977745794,0.0
^NSEI,2026-08-02,2,0,0,2,0.8287,0.0,0.0,0.0,1.0,Index,1.602311299947612,UP,0.27326071386892803,1.6603885558722054,0.0
HDFCBANK.NS,2026-08-02,7,0,5,2,0.7701857142857144,-0.5484857142857142,0.0,0.7142857142857143,0.2857142857142857,Banking,0.6482624377023738,UP,-0.7692801510793101,1.7337502823933981,0.0
TCS.NS,2026-08-03,1,0,0,1,0.9306,0.0,0.0,0.0,1.0,IT,-0.5538242892144218,DOWN,4.569658820302136,1.1076535777786445,0.19351764705882354
TECHM.NS,2026-08-03,1,0,0,1,0.9306,0.0,0.0,0.0,1.0,IT,-0.03032140691328067,FLAT,-0.13928715315895124,0.29193826606697115,0.19351764705882354
INDUSINDBK.NS,2026-08-03,8,1,1,6,0.7304125,0.0274625,0.125,0.125,0.75,Banking,-0.2818567737632227,FLAT,1.624772779761452,1.6398337272813146,0.19351764705882354
HDFCBANK.NS,2026-08-03,8,1,1,6,0.7304125,0.0274625,0.125,0.125,0.75,Banking,-1.4608233731739695,DOWN,0.6482624377023738,0.6415380532820203,0.19351764705882354
WIPRO.NS,2026-08-03,1,0,0,1,0.9306,0.0,0.0,0.0,1.0,IT,-1.2509278938520052,DOWN,2.7280206545766905,2.750396511611952,0.19351764705882354
INFY.NS,2026-08-03,1,0,0,1,0.9306,0.0,0.0,0.0,1.0,IT,-1.0593220338983023,DOWN,4.415540703661214,2.111459408926586,0.19351764705882354
HCLTECH.NS,2026-08-03,1,0,0,1,0.9306,0.0,0.0,0.0,1.0,IT,-0.515611879879263,DOWN,2.23475945061562,2.4324890265666976,0.19351764705882354
ICICIBANK.NS,2026-08-03,8,1,1,6,0.7304125,0.0274625,0.125,0.125,0.75,Banking,-0.3698646858946941,DOWN,2.571306376154081,2.3929692498854127,0.19351764705882354
COALINDIA.NS,2026-08-03,1,0,0,1,0.9306,0.0,0.0,0.0,1.0,Energy,0.3846168518066406,UP,0.44669953658820205,2.8063523016116143,0.19351764705882354
SBIN.NS,2026-08-03,8,1,1,6,0.7304125,0.0274625,0.125,0.125,0.75,Banking,-0.22010036632774677,FLAT,1.7130596814979526,3.0876972887493803,0.19351764705882354
KOTAKBANK.NS,2026-08-03,8,1,1,6,0.7304125,0.0274625,0.125,0.125,0.75,Banking,0.12578616352201255,FLAT,1.8447380046679562,1.8708322820593537,0.19351764705882354
AXISBANK.NS,2026-08-03,8,1,1,6,0.7304125,0.0274625,0.125,0.125,0.75,Banking,-0.8018829537637551,DOWN,3.4566897112647377,2.9626011706852973,0.19351764705882354
^NSEI,2026-08-03,17,7,2,8,0.7686999999999999,0.19351764705882354,0.4117647058823529,0.11764705882352941,0.47058823529411764,Index,-0.6434102501316152,DOWN,1.602311299947612,2.16122580178546,0.19351764705882354
HDFCBANK.NS,2026-08-04,2,0,2,0,0.8142,-0.8142,0.0,1.0,0.0,Banking,-0.9433962264150941,DOWN,-1.4608233731739695,-1.5849873351749255,0.01910476190476191
AXISBANK.NS,2026-08-04,2,0,2,0,0.8142,-0.8142,0.0,1.0,0.0,Banking,-0.6260916237401881,DOWN,-0.8018829537637551,2.677192917279747,0.01910476190476191
ICICIBANK.NS,2026-08-04,2,0,2,0,0.8142,-0.8142,0.0,1.0,0.0,Banking,-0.3093634040649107,DOWN,-0.3698646858946941,2.298831727320394,0.01910476190476191
^NSEI,2026-08-04,21,5,4,12,0.8241190476190476,0.01910476190476191,0.23809523809523808,0.19047619047619047,0.5714285714285714,Index,0.03961015419633451,FLAT,-0.6434102501316152,1.2244444567599988,0.01910476190476191
KOTAKBANK.NS,2026-08-04,2,0,2,0,0.8142,-0.8142,0.0,1.0,0.0,Banking,0.5025125628140614,UP,0.12578616352201255,2.2085275393717074,0.01910476190476191
SBIN.NS,2026-08-04,2,0,2,0,0.8142,-0.8142,0.0,1.0,0.0,Banking,1.1796345453264134,UP,-0.22010036632774677,1.6970546684004661,0.01910476190476191
INDUSINDBK.NS,2026-08-04,2,0,2,0,0.8142,-0.8142,0.0,1.0,0.0,Banking,-0.6822612085769952,DOWN,-0.2818567737632227,1.4385276204821995,0.01910476190476191
ICICIBANK.NS,2026-08-05,40,11,5,24,0.7723424999999999,0.12452749999999999,0.275,0.125,0.6,Banking,0.5103113260223502,UP,-0.3093634040649107,1.8757868985470827,-0.03393846153846154
POWERGRID.NS,2026-08-05,1,0,0,1,0.9178,0.0,0.0,0.0,1.0,Energy,-3.9041703637976877,DOWN,-0.5822138080521788,-0.8795074758135457,-0.03393846153846154
KOTAKBANK.NS,2026-08-05,40,11,5,24,0.7723424999999999,0.12452749999999999,0.275,0.125,0.6,Banking,-1.5000000000000013,DOWN,0.5025125628140614,2.485270948093543,-0.03393846153846154
AXISBANK.NS,2026-08-05,40,11,5,24,0.7723424999999999,0.12452749999999999,0.275,0.125,0.6,Banking,0.16747551998164134,FLAT,-0.6260916237401881,1.9845485493340753,-0.03393846153846154
BHARTIARTL.NS,2026-08-05,1,0,0,1,0.9178,0.0,0.0,0.0,1.0,Conglomerate_Infra,-1.5166835187057637,DOWN,0.4009961175555521,0.30425963488844854,-0.03393846153846154
SBIN.NS,2026-08-05,40,11,5,24,0.7723424999999999,0.12452749999999999,0.275,0.125,0.6,Banking,2.8436018957346043,UP,1.1796345453264134,2.6863903961534374,-0.03393846153846154
^NSEI,2026-08-05,26,7,7,12,0.7869307692307692,-0.03393846153846154,0.2692307692307692,0.2692307692307692,0.46153846153846156,Index,0.04609043862535689,FLAT,0.03961015419633451,0.9885775074707226,-0.03393846153846154
GRASIM.NS,2026-08-05,1,0,1,0,0.7473,-0.7473,0.0,1.0,0.0,Materials,-0.12406858357553174,FLAT,2.74059883413611,3.9731679660588215,-0.03393846153846154
INDUSINDBK.NS,2026-08-05,40,11,5,24,0.7723424999999999,0.12452749999999999,0.275,0.125,0.6,Banking,-0.27477799734727526,FLAT,-0.6822612085769952,0.6469443146818188,-0.03393846153846154
HDFCBANK.NS,2026-08-05,40,11,5,24,0.7723424999999999,0.12452749999999999,0.275,0.125,0.6,Banking,-0.09523975605867374,FLAT,-0.9433962264150941,-1.7576721225614267,-0.03393846153846154
TMPV.NS,2026-08-05,1,0,0,1,0.9339,0.0,0.0,0.0,1.0,Auto,-1.2721503272569823,DOWN,0.3586286167774899,2.9580538021983127,-0.03393846153846154
ONGC.NS,2026-08-05,1,0,0,1,0.9178,0.0,0.0,0.0,1.0,Energy,-0.9991648322133506,DOWN,-0.7438029139495095,-0.9607066518707241,-0.03393846153846154
TCS.NS,2026-08-05,1,0,1,0,0.7473,-0.7473,0.0,1.0,0.0,IT,-1.6576875259013635,DOWN,-1.9105691056910623,2.0037157755747437,-0.03393846153846154
AXISBANK.NS,2026-08-06,12,7,2,3,0.735725,0.312925,0.5833333333333334,0.16666666666666666,0.25,Banking,-1.4331210191082855,DOWN,0.16747551998164134,-1.2578616352201255,0.06164137931034482
TCS.NS,2026-08-06,2,1,0,1,0.7222999999999999,0.39905,0.5,0.0,0.5,IT,3.358615725742742,UP,-1.6576875259013635,-4.0708231863031745,0.06164137931034482
INFY.NS,2026-08-06,2,1,0,1,0.7222999999999999,0.39905,0.5,0.0,0.5,IT,0.8669506940718774,UP,-0.7666098807495692,-1.2711864406779627,0.06164137931034482
KOTAKBANK.NS,2026-08-06,12,7,2,3,0.735725,0.312925,0.5833333333333334,0.16666666666666666,0.25,Banking,-0.8248730964466988,DOWN,-1.5000000000000013,-0.8805031446540879,0.06164137931034482
WIPRO.NS,2026-08-06,2,1,0,1,0.7222999999999999,0.39905,0.5,0.0,0.5,IT,0.757577745057203,UP,-0.4652710574995944,-1.3463418295438068,0.06164137931034482
HDFCBANK.NS,2026-08-06,12,7,2,3,0.735725,0.312925,0.5833333333333334,0.16666666666666666,0.25,Banking,-0.44940594414106805,DOWN,-0.09523975605867374,-2.4834013555154355,0.06164137931034482
ICICIBANK.NS,2026-08-06,12,7,2,3,0.735725,0.312925,0.5833333333333334,0.16666666666666666,0.25,Banking,-2.5042881646655246,DOWN,0.5103113260223502,-0.1712328767123239,0.06164137931034482
SBIN.NS,2026-08-06,12,7,2,3,0.735725,0.312925,0.5833333333333334,0.16666666666666666,0.25,Banking,1.1244194628456272,UP,2.8436018957346043,3.8277511961722466,0.06164137931034482
^NSEI,2026-08-06,29,8,6,15,0.8116034482758621,0.06164137931034482,0.27586206896551724,0.20689655172413793,0.5172413793103449,Index,-0.2652606323063855,FLAT,0.04609043862535689,-0.5582429246789089,0.06164137931034482
TECHM.NS,2026-08-06,2,1,0,1,0.7222999999999999,0.39905,0.5,0.0,0.5,IT,0.17155060114508736,FLAT,-1.0787908380681777,-1.0188022333611269,0.06164137931034482
INDUSINDBK.NS,2026-08-06,12,7,2,3,0.735725,0.312925,0.5833333333333334,0.16666666666666666,0.25,Banking,0.570752580525169,UP,-0.27477799734727526,-1.2343290801517526,0.06164137931034482
HCLTECH.NS,2026-08-06,2,1,0,1,0.7222999999999999,0.39905,0.5,0.0,0.5,IT,1.6179756993211614,UP,-1.1111111111111072,-3.05010893246187,0.06164137931034482
HINDALCO.NS,2026-08-07,1,1,0,0,0.9012,0.9012,1.0,0.0,0.0,Materials,-0.5237756592758935,DOWN,3.1742916831487333,3.8823505476409226,-0.3133
AXISBANK.NS,2026-08-07,3,2,1,0,0.7325333333333334,0.19426666666666667,0.6666666666666666,0.3333333333333333,0.0,Banking,0.7512155757774641,UP,-1.4331210191082855,-1.8861981222959123,-0.3133
^NSEI,2026-08-07,20,4,11,5,0.7431300000000001,-0.3133,0.2,0.55,0.25,Index,0.053520726622768855,FLAT,-0.2652606323063855,-0.17976916135258314,-0.3133
ICICIBANK.NS,2026-08-07,3,2,1,0,0.7325333333333334,0.19426666666666667,0.6666666666666666,0.3333333333333333,0.0,Banking,0.7600315853712125,UP,-2.5042881646655246,-2.309911738614112,-0.3133
BAJFINANCE.NS,2026-08-07,1,0,1,0,0.5195,-0.5195,0.0,1.0,0.0,Finance_NBFC,2.2448934296730005,UP,-5.835084379713729,-6.179286335944301,-0.3133
TITAN.NS,2026-08-07,1,1,0,0,0.9012,0.9012,1.0,0.0,0.0,Consumer_Other,3.015583889900819,UP,-1.140456182472993,0.12158054711246535,-0.3133
KOTAKBANK.NS,2026-08-07,3,2,1,0,0.7325333333333334,0.19426666666666667,0.6666666666666666,0.3333333333333333,0.0,Banking,0.703774792066536,UP,-0.8248730964466988,-1.821608040201006,-0.3133
INDUSINDBK.NS,2026-08-07,3,2,1,0,0.7325333333333334,0.19426666666666667,0.6666666666666666,0.3333333333333333,0.0,Banking,0.5185957757460891,UP,0.570752580525169,-0.3898635477582846,-0.3133
SBIN.NS,2026-08-07,4,3,1,0,0.7746999999999999,0.371,0.75,0.25,0.0,Banking,-2.387892119744617,DOWN,1.1244194628456272,5.226815244284633,-0.3133
HDFCBANK.NS,2026-08-07,3,2,1,0,0.7325333333333334,0.19426666666666667,0.6666666666666666,0.3333333333333333,0.0,Banking,0.0,FLAT,-0.44940594414106805,-1.482479784366575,-0.3133
^NSEI,2026-08-08,5,1,2,2,0.8266199999999999,-0.17193999999999998,0.2,0.4,0.4,Index,0.053520726622768855,FLAT,-0.2652606323063855,-0.17976916135258314,-0.17193999999999998
^NSEI,2026-08-09,3,0,1,2,0.7576666666666667,-0.29386666666666666,0.0,0.3333333333333333,0.6666666666666666,Index,0.053520726622768855,FLAT,-0.2652606323063855,-0.17976916135258314,-0.29386666666666666
HDFCBANK.NS,2026-08-10,3,0,0,3,0.8664333333333333,0.0,0.0,0.0,1.0,Banking,-0.2735978112175075,FLAT,0.0,-0.5442176870748328,-0.03638787878787879
AXISBANK.NS,2026-08-10,3,0,0,3,0.8664333333333333,0.0,0.0,0.0,1.0,Banking,-1.403030491054802,DOWN,0.7512155757774641,-0.5263558064783957,-0.03638787878787879
TITAN.NS,2026-08-10,1,1,0,0,0.9524,0.9524,1.0,0.0,0.0,Consumer_Other,0.7465618860510892,UP,3.015583889900819,3.6153428301208823,-0.03638787878787879
WIPRO.NS,2026-08-10,1,0,1,0,0.8538,-0.8538,0.0,1.0,0.0,IT,-0.48517191185143416,DOWN,-1.0824928238206688,-0.7968369695665722,-0.03638787878787879
INDUSINDBK.NS,2026-08-10,3,0,0,3,0.8664333333333333,0.0,0.0,0.0,1.0,Banking,-1.7911051824685664,DOWN,0.5185957757460891,0.8145288349484803,-0.03638787878787879
ICICIBANK.NS,2026-08-10,3,0,0,3,0.8664333333333333,0.0,0.0,0.0,1.0,Banking,-0.1536578549489631,FLAT,0.7600315853712125,-1.2619769026903205,-0.03638787878787879
^NSEI,2026-08-10,33,10,12,11,0.8236030303030303,-0.03638787878787879,0.30303030303030304,0.36363636363636365,0.3333333333333333,Index,-0.45599768521350503,DOWN,0.053520726622768855,-0.16588909376171745,-0.03638787878787879
SBIN.NS,2026-08-10,4,0,1,3,0.89125,-0.241425,0.0,0.25,0.75,Banking,-0.46685340802987696,DOWN,-2.387892119744617,1.516587677725112,-0.03638787878787879
