topic,headline,source,published_at,url,description
NIFTY,"Will Nifty, Sensex extend losses on Monday? Middle East tension, Q1 results, 3 other factors to drive mood next week",The Times of India,2026-08-09 03:50:58+00:00,https://economictimes.indiatimes.com/markets/stocks/news/will-nifty-sensex-extend-losses-on-monday-middle-east-tension-q1-results-3-other-factors-to-drive-mood-next-week/articleshow/133061939.cms,"Indian stock markets ended lower as benchmark indices Sensex and Nifty diverged. Investors face crucial triggers next week, including over 2,000 Q1 earnings announcements, crude oil price movements amid Middle East geopolitical tensions, US nonfarm payroll da…"
US_Fed,"Fed may hold rates steady after weak July jobs report, cooling inflation",Crypto Briefing,2026-08-08 17:32:20+00:00,https://cryptobriefing.com/fed-may-hold-rates-steady-after-weak-july-jobs-report-cooling-inflation/,"The Fed's potential rate hold could stabilize markets, but future inflation data and economic shifts may alter monetary policy expectations.
The post Fed may hold rates steady after weak July jobs report, cooling inflation appeared first on Crypto Briefing."
Global_Markets,"Dear SanDisk Stock Fans, Mark Your Calendars for a Fresh Catalyst on August 13",Barchart.com,2026-08-08 15:15:02+00:00,https://www.barchart.com/story/news/3737416/dear-sandisk-stock-fans-mark-your-calendars-for-a-fresh-catalyst-on-august-13,"SanDisk delivered record earnings, but investors remain focused on whether the memory boom can last."
US_Fed,Bitcoin’s first institutional bear market is starting to take shape and draining liquidity,CryptoSlate,2026-08-08 15:05:54+00:00,https://cryptoslate.com/bitcoins-first-institutional-bear-market-is-starting-to-take-shape-and-draining-liquidity/,"In an institutional bear market, a Bitcoin ETF redemption is almost aggressively boring. An investor sells shares, an authorized participant returns a large block to the trust, and the fund either pays cash or transfers BTC. Its assets shrink while the shares…"
Global_Markets,UK Stocks Could Prove More Resilient Than U.S. Equities if AI Boom Unravels,Advfn.com,2026-08-08 13:00:00+00:00,https://investorshub.advfn.com/market-news/article/33781/uk-stocks-could-prove-more-resilient-than-u-s-equities-if-ai-boom-unravels,The UK stock market may outperform its U. S.
Global_Markets,AI Narrative Risk: The Hyperscaler Story Changes Again.,Realinvestmentadvice.com,2026-08-08 09:58:56+00:00,https://realinvestmentadvice.com/resources/blog/ai-narrative-risk-the-cost-of-trading-the-story/," At a Glance


<ul><!-- wp:list-item -->

<li>AI Narrative Risk: The Hyperscaler Story Changes Again</li>




<li>Market Brief & Technical Review</li>




<li>From Lance's Desk: Sound Money: Be Careful What You Wish For - RIA</li>




<li>Market stat…"
US_Fed,Donald Trump renews effort to fire Federal Reserve governor Lisa Cook,Al Jazeera English,2026-08-07 23:40:16+00:00,https://www.aljazeera.com/news/2026/8/7/donald-trump-renews-effort-to-fire-federal-reserve-governor-lisa-cook,US president has clashed with Federal Reserve members over his bid to rapidly slash interest rates despite inflation.
US_Fed,Trump revives bid to fire Fed Gov. Lisa Cook after Supreme Court setback,New York Post,2026-08-07 20:11:19+00:00,https://nypost.com/2026/08/07/business/trump-revives-bid-to-fire-fed-gov-lisa-cook-after-supreme-court-setback/,"President Trump is reviving his effort to oust Federal Reserve Gov. Lisa Cook, with the White House giving her several weeks to answer mortgage-fraud allegations in the wake of comments from her voicing support of hiking interest rates."
NIFTY,"Q1 Results Today Highlights: SBI, Titan, Hindalco, Hitachi Energy, Oil India and PFC post profit growth; Ola Electric, BEML losses narrow; HGS slips into loss",BusinessLine,2026-08-07 16:02:36+00:00,https://www.thehindubusinessline.com/markets/q1-results-today-highlights-sbi-titan-hindalco-power-finance-corporation-godrej-consumer-oil-india-nlc-kaynes-tech-ramco-cements-afcons-infra-lemon-tree-cello-hitachi-lic-trent-results-07-august-202/article71313123.ece,"Q1 Results Today, 07th August 2026 highlights: Find all the latest Q1 results 2026 updates of Aarti Pharmalabs, Advait Energy Transitions, Amba Enterprises, Afcons Infrastructure, AG Ventures, Akshar Spintex, Alankit, Anuh Pharma, APM Industries, Aqylon Nexus…"
US_Fed,The Fourth Turning Global War Has Already Bankrupted America — And Nobody’s Counting the Bodies,Activistpost.com,2026-08-07 16:00:00+00:00,https://www.activistpost.com/the-fourth-turning-global-war-has-already-bankrupted-america-and-nobodys-counting-the-bodies/,"The numbers came in just after dawn on the East Coast, and they told a story that no amount of White House spin could obscure. Oil futures had stabilized at $86 per barrel overnight—a figure that would have seemed catastrophic eighteen months ago but now repr…"
US_Fed,Donald Trump reiterates preference for lower interest rates days before Fed holds steady,Crypto Briefing,2026-08-07 14:30:54+00:00,https://cryptobriefing.com/trump-lower-interest-rates-fed-holds/,"Trump's push for lower rates highlights tensions between political goals and economic stability, affecting markets and consumer sectors.
The post Donald Trump reiterates preference for lower interest rates days before Fed holds steady appeared first on Crypto…"
US_Fed,Fed’s Barkin aligns with Warsh on returning inflation target,Crypto Briefing,2026-08-07 14:26:09+00:00,https://cryptobriefing.com/feds-barkin-aligns-with-warsh-on-returning-inflation-target/,"Barkin's alignment with Warsh suggests a cautious Fed approach, potentially delaying rate cuts and impacting economic growth strategies.
The post Fed’s Barkin aligns with Warsh on returning inflation target appeared first on Crypto Briefing."
US_Fed,"US Economy Unexpectedly Sheds 23,000 Jobs in July as Unemployment Rate Dips to 4.1%, Fed Bets Shift",Ibtimes.com.au,2026-08-07 13:27:03+00:00,https://www.ibtimes.com.au/us-economy-july-job-losses-impact-fed-decisions-1873695,"The US economy unexpectedly lost 23,000 jobs in July, altering market expectations for Federal Reserve interest rate decisions, despite a slight drop in the unemployment rate to 4.1%."
NIFTY,"Stock markets decline dragged by banks, elevated crude oil prices",Dtnext.in,2026-08-07 12:31:05+00:00,https://www.dtnext.in/news/business/stock-markets-decline-dragged-by-banks-elevated-crude-oil-prices,"The 50-share NSE Nifty dipped 65.35 points, or 0.27 per cent, to end at 24,570.65. Intra-day, it declined 113.25 points, or 0.45 per cent, to 24,522.75."
RBI,"Indian bonds clock first weekly rise in five on dovish RBI, easing crude",The Times of India,2026-08-07 12:30:33+00:00,https://economictimes.indiatimes.com/markets/bonds/indian-bonds-clock-first-weekly-rise-in-five-on-dovish-rbi-easing-crude/articleshow/133034019.cms,"Indian government bonds finished the week with little change on Friday, yet celebrated their first gain in five weeks. A decline in oil prices and a calming tone from the central bank helped elevate demand for these bonds. The Reserve Bank of India opted to k…"
US_Fed,"US jobs report misses big, and investors are rethinking everything about rate hikes",Crypto Briefing,2026-08-07 12:05:24+00:00,https://cryptobriefing.com/us-jobs-report-rate-hike-outlook/,"The unexpected job growth slowdown prompts a reevaluation of monetary policy, potentially delaying rate hikes and impacting economic forecasts.
The post US jobs report misses big, and investors are rethinking everything about rate hikes appeared first on Cryp…"
NIFTY,"Indian Stock Market Declines: Sensex, Nifty Fall on Banking Stocks, Crude Oil Prices",Rediff.com,2026-08-07 12:00:33+00:00,https://www.rediff.com/business/report/indian-stock-market-declines-sensex-nifty-fall-on-banking-stocks-crude-oil-prices/20260807.htm,"Indian benchmark indices, Sensex and Nifty, closed lower, primarily due to a downturn in banking and financial stocks, coupled with crude oil prices remaining above USD 80 per barrel. Geopolitical uncertainties and new regulatory proposals for the non-bank le…"
NIFTY,"Sensex today | Stock Market Highlights: Sensex falls 456 points, Nifty slips as banking stocks drag markets lower",BusinessLine,2026-08-07 10:53:45+00:00,https://www.thehindubusinessline.com/markets/sensex-nifty50-today-stock-market-highlights-updates-7th-august-2026/article71314561.ece,"Sensex Today, Nifty 50 | Stock Market Highlights: 7 August 2026 - Indian benchmark indices closed lower on Friday, ending a two-day recovery, as weakness in banking and financial stocks combined with elevated crude oil prices and geopolitical concerns weighed…"
NIFTY,"Dabur shares off day's low, turn positive after Delhi HC stays FSSAI order",Business Standard,2026-08-07 09:56:36+00:00,https://www.business-standard.com/markets/news/dabur-shares-off-day-s-low-turn-positive-after-delhi-hc-stays-fssai-order-126080701230_1.html,"Gaurang Shah of Geojit Financial Services said that Dabur has been in the market for a long time, has a good amount of goodwill for its products and an unmatched product portfolio."
US_Fed,"US Jobs Report in Focus as Middle East Tensions and Corporate News Shape Markets: Dow Jones, S&P, Nasdaq, Wall Street Futures",Advfn.com,2026-08-07 08:35:36+00:00,https://investorshub.advfn.com/market-news/article/33690/us-jobs-report-in-focus-as-middle-east-tensions-and-corporate-news-shape-markets-dow-jones-sp-nasdaq-wall-street-futures,"US stock futures traded close to unchanged on Friday as investors awaited the latest employment data, a key release that could influence the Federal Reserve’..."
US_Fed,"US Dollar Price Forecast: NFP Countdown Keeps DXY, EUR/USD and GBP/USD in Focus",Yahoo Entertainment,2026-08-07 08:16:52+00:00,https://finance.yahoo.com/markets/currencies/articles/us-dollar-price-forecast-nfp-081652466.html,"US Dollar Price Forecast: DXY trades near key support ahead of Friday’s U.S. Nonfarm Payrolls report, while EUR/USD tests resistance and GBP/USD consolidates..."
US_Fed,US Stock Market: Warsh's Fed leaves markets searching for policy clues,The Times of India,2026-08-07 07:37:48+00:00,https://economictimes.indiatimes.com/markets/us-stocks/wall-street-guide/us-stock-market-warshs-fed-leaves-markets-searching-for-policy-clues/articleshow/133027004.cms,"Federal Reserve Chair Kevin Warsh is changing the central bank’s communication approach, reducing reliance on forward guidance and leaving markets to interpret economic data more independently. The shift has triggered volatility in bond markets, with investor…"
NIFTY,"Nifty slides 90 points at noon; Bajaj Finance tanks 5%, IT stocks hold firm",BusinessLine,2026-08-07 07:19:52+00:00,https://www.thehindubusinessline.com/markets/stock-markets/nifty-slides-90-points-at-noon-bajaj-finance-tanks-5-it-stocks-hold-firm/article71316631.ece,"Markets remained under pressure through mid-session on Friday, with the Nifty 50 trading at 24,545.70, down 90.30 points or 0.37 per cent as of 12.30 pm, while the Sensex was at 78,488.82, down 465.94 points or 0.59 per cent."
RBI,"Indian bonds buckle under oil spike, fresh debt sale",The Times of India,2026-08-07 05:51:51+00:00,https://economictimes.indiatimes.com/markets/bonds/indian-bonds-buckle-under-oil-spike-fresh-debt-sale/articleshow/133023421.cms,"Indian government bonds declined early Friday, reversing some weekly gains. Higher oil prices and global rate fears impacted investor sentiment before a large debt sale. New Delhi plans to raise 320 billion rupees through bond auctions later today. The benchm…"
NIFTY,Dalal Street's biggest stock reform in years endures rocky first week,The Times of India,2026-08-07 04:11:14+00:00,https://economictimes.indiatimes.com/markets/stocks/news/dalal-streets-biggest-stock-reform-in-years-endures-rocky-first-week/articleshow/133020712.cms,"India's recently introduced closing auction system for stock prices is encountering early challenges, with traders raising alarms over erratic price fluctuations and confusion in the marketplace. In response, the Securities and Exchange Board of India (SEBI) …"
US_Fed,"Asian shares pause for US jobs, oil extends gains on Mideast risk",BusinessLine,2026-08-07 03:02:05+00:00,https://www.thehindubusinessline.com/news/asian-shares-pause-for-us-jobs-oil-extends-gains-on-mideast-risk/article71316115.ece,"After ‌bouts ⁠of volatility sparked by concerns over the durability of the AI-driven rally, investors ⁠are now squarely focused on the U.S. payrolls report due later in the day, which could prove crucial for the interest-rate outlook."
NIFTY,"Sensex, Nifty on track for muted start amid rising oil prices; Q1 earnings, US-Iran war in focus",BusinessLine,2026-08-07 02:35:50+00:00,https://www.thehindubusinessline.com/markets/sensex-nifty-on-track-for-muted-start-amid-rising-oil-prices-q1-earnings-us-iran-war-in-focus/article71316120.ece,"GIFT Nifty futures were ​at 24,653 points, as of 7:50 am, indicating a muted start for the Nifty 50, which closed at 24,636 on Thursday."
RBI,Banks tone down rate-hike bets as RBI sounds dovish on prices,The Times of India,2026-08-07 00:35:39+00:00,https://economictimes.indiatimes.com/markets/stocks/news/banks-tone-down-rate-hike-bets-as-rbi-sounds-dovish-on-prices/articleshow/133018263.cms,Some banks now anticipate fewer policy rate increases from the Reserve Bank of India. Yes Bank and State Bank of India have revised their earlier rate hike forecasts. MUFG Bank has also pushed back its expected policy rate hike timing. Other banks maintain th…
US_Fed,Japan's April yen intervention set daily record as pressure persists,CNA,2026-08-07 00:02:00+00:00,https://www.channelnewsasia.com/business/japans-april-yen-intervention-set-daily-record-pressure-persists-6304991,"TOKYO, Aug 7 : Japanese authorities conducted a record single-day yen-buying intervention in foreign exchange markets in April, selling $40 billion of the country's currency reserves, as they resumed massive yen-buying operations to stem the yen's slide.Marke…"
US_Fed,"Gazelle refinancing frees crude, extends Nigeria’s repayment schedule",The Punch,2026-08-06 23:51:36+00:00,https://punchng.com/gazelle-refinancing-frees-crude-extends-nigerias-repayment-schedule/,"Nigeria’s Project Gazelle oil-backed financing has been refinanced, reducing crude commitment and extending the repayment schedule to June 2030.

Read More: https://punchng.com/gazelle-refinancing-frees-crude-extends-nigerias-repayment-schedule/"
US_Fed,"Wheaton Precious Metals Announces Second Quarter 2026 Results and Record Year-to-Date Production, Revenue, Earnings and Cash Flow",PRNewswire,2026-08-06 21:00:00+00:00,https://www.prnewswire.com/news-releases/wheaton-precious-metals-announces-second-quarter-2026-results-and-record-year-to-date-production-revenue-earnings-and-cash-flow-302845435.html,"SECOND QUARTER FINANCIAL RESULTS VANCOUVER, BC, Aug. 6, 2026 /PRNewswire/ -- ""Wheaton delivered another strong quarter, with solid production across the portfolio driving record year-to-date production, sales volumes, revenue, earnings and cash flow,"" said Ha…"
US_Fed,Gold prices are breaking higher after a tough stretch. Could fresh records be within reach?,MarketWatch,2026-08-06 20:57:00+00:00,https://www.marketwatch.com/story/gold-prices-are-breaking-higher-after-a-tough-stretch-could-fresh-records-be-within-reach-1e1a872f,Gold miners’ stocks can offer a high-quality play for investors worried about inflation and the Fed.
US_Fed,Analysis: Trump treats Fed Chairman Kevin Warsh as an ally. That creates economic risks,CNBC,2026-08-06 19:38:44+00:00,https://www.cnbc.com/2026/08/06/trump-fed-chairman-kevin-warsh-relationship.html,Trump's reported phone calls to the Fed chairman will complicate his efforts to prove he will act independently on inflation and interest rates.
NIFTY,Milky Mist's paneer heft to help it take on cooperative giants,Livemint,2026-08-06 12:58:01+00:00,https://www.livemint.com/companies/milky-mist-ipo-dairy-milk-paneer-amul-mother-dairy-cooperatives-11786009153068.html,"Milky Mist's upcoming stock market debut underscores how private dairy firms are carving out space in a market dominated by cooperative giants such as Amul and Mother Dairy. Rather than traditional pouch milk, the dairy firm is betting on value-added products…"
NIFTY,"Indian equities lag South Korea, Japan and US markets: New study reveals why long-term investors should not worry",Livemint,2026-08-06 12:34:06+00:00,https://www.livemint.com/money/personal-finance/indian-equities-lag-south-korea-japan-and-us-markets-new-study-reveals-why-long-term-investors-should-not-worry-11786013356820.html,"Indian equities have lagged global markets due to AI-led capital flows, valuation pressures and global uncertainties. However, strong domestic demand, policy continuity, infrastructure growth and healthy fundamentals continue to support India's long-term outl…"
RBI,"Profit-taking, debt supply stall India bond rally",The Times of India,2026-08-06 12:05:14+00:00,https://economictimes.indiatimes.com/markets/bonds/profit-taking-debt-supply-stall-india-bond-rally/articleshow/133003162.cms,"Indian government bonds exhibited slight fluctuations as profit-taking coincided with substantial debt issuance. The supportive dovish stance from the Reserve Bank of India helped stabilize the situation. Since early August, bond yields have decreased by near…"
RBI,"Sensex today | Stock Market Highlights: Sensex climbs 374 pts; Nifty ends above 24,600 on RBI, crude oil cues",BusinessLine,2026-08-06 11:09:51+00:00,https://www.thehindubusinessline.com/markets/sensex-nifty50-today-stock-market-highlights-6-august-2026/article71309748.ece,"Sensex Today, Nifty 50 | Stock Market Highlights August 6: Indian benchmark indices ended higher on Thursday after a volatile, range-bound session, supported by easing crude oil prices, the Reserve Bank of India's steady policy stance and selective buying in …"
RBI,RBI policy-led India bond rally continues; Friday's debt sale in focus,The Times of India,2026-08-06 08:49:22+00:00,https://economictimes.indiatimes.com/markets/bonds/rbi-policy-led-india-bond-rally-continues-fridays-debt-sale-in-focus/articleshow/132993202.cms,"Indian government bonds saw a slight increase early Thursday, continuing Wednesday's strong rally. The Reserve Bank of India's dovish stance and falling oil prices supported this upward movement. Investors remain cautious, however, as New Delhi prepares for a…"
Global_Markets,L&C Bio’s Human-Fat Injection Could Fix “Ozempic Face”: Will Gains Hold?,BeInCrypto,2026-08-06 07:53:17+00:00,https://beincrypto.com/lc-bio-ozempic-face-fix/,"L&C Bio stock jumps 12% on plans for an Ozempic fix made from donated human fat, backed by patents in three markets."
NIFTY,"From weddings to everyday wear, Kalyan widens its jewellery play",Livemint,2026-08-06 07:31:14+00:00,https://www.livemint.com/companies/kalyan-jewellers-multi-brand-strategy-candere-atm-growth-plan-11785988653837.html,"While Kalyan Jewellers continues to focus on wedding and aspirational pieces, Candere is being built around lightweight, gifting and everyday collections, and its newly launched Akshaya Thanga Maaligai (ATM) brand is aimed exclusively at customers seeking tra…"
RBI,When is your home loan EMI increasing? RBI rate hike calls pushed back after dovish pause,The Times of India,2026-08-06 07:12:15+00:00,https://economictimes.indiatimes.com/news/economy/policy/when-is-your-home-loan-emi-increasing-rbi-rate-hike-calls-pushed-back-after-dovish-pause/articleshow/132987769.cms,"Economists now anticipate the Reserve Bank of India will raise rates in December or later. This shift occurs as core inflation remains low, contrary to earlier expectations. The central bank maintained its current rates and lowered inflation forecasts for thi…"
Global_Markets,Asia’s wild AI stock swings ignite and destroy dreams of getting rich | CNN Business,CNN,2026-08-06 07:00:29+00:00,https://www.cnn.com/2026/08/06/business/asia-tech-stocks-volatility-intl-hnk,"As the AI boom has boosted share prices of Asia’s tech giants, everyday investors are pouring in and doubling down."
RBI,FMCG price hikes could rewrite India’s inflation story: Report,The Times of India,2026-08-06 05:50:06+00:00,https://economictimes.indiatimes.com/industry/cons-products/fmcg/fmcg-price-hikes-could-rewrite-indias-inflation-story-report/articleshow/132983766.cms,Consumer goods companies' planned price hikes could pressure inflation despite the RBI's outlook.  Elara Capital expects the Reserve Bank of India to maintain interest rates through 2026.  A potential rate hike is possible in early 2027 if inflation pressures…
RBI,"RBI rate hikes may begin in December if oil stays high, ICICI Bank says",Moneycontrol,2026-08-06 05:09:32+00:00,https://www.moneycontrol.com/news/business/economy/rbi-rate-hikes-may-begin-in-december-if-oil-stays-high-icici-bank-says-13996181.html,"ICICI Bank expects cumulative rate hikes of 50 basis points from December 2026 if oil stays high, or from April 2027 if crude prices ease."
NIFTY,"LG Electronics, APL Apollo Tubes among 7 mid & smallcap picks by Axis Securities for August",Economictimes.com,2026-08-06 04:11:28+00:00,https://m.economictimes.com/markets/stocks/news/lg-electronics-apl-apollo-tubes-among-7-mid-amp-smallcap-picks-by-axis-securities-for-august/mid-smallcap-stars/slideshow/132981540.cms,"The Nifty 50 outperformed on the back of strong contributions from IT, Financials and select industrial companies. Midcap and Smallcap indices also participated in the rally but underperformed the benchmark, reflecting investors' preference for quality compan…"
RBI,"India's economic growth may moderate in H2 FY27, accelerate to 7.2% in FY28: Report",BusinessLine,2026-08-06 04:07:07+00:00,https://www.thehindubusinessline.com/economy/indias-economic-growth-may-moderate-in-h2-fy27-accelerate-to-72-in-fy28-report/article71312020.ece,"If oil prices are lower, rate hikes may happen with a lag. This makes us believe that a 50-basis points rate hike cycle either starts from April 2027 (low oil prices) or December 2026 (high oil prices): ICICI Bank report"
RBI,"Markets open flat as RBI holds rates, global cues stay mixed",BusinessLine,2026-08-06 04:05:05+00:00,https://www.thehindubusinessline.com/markets/stock-markets/markets-open-flat-as-rbi-holds-rates-global-cues-stay-mixed/article71312031.ece,"Wall Street delivered a split verdict, the Dow Jones rose 0.5 per cent to a record close, while the S&P 500 slipped 0.2 per cent and the Nasdaq fell 0.8 per cent on a late-session selloff in technology stocks"
NIFTY,CAS chaos: Nifty ends flat but Sensex jumps 374 points on expiry day,The Times of India,2026-08-06 03:56:08+00:00,https://economictimes.indiatimes.com/markets/stocks/news/cas-chaos-nifty-ends-flat-but-sensex-jumps-374-points-on-expiry-day/articleshow/132980967.cms,"Indian markets closed higher with Sensex rising 374 points, while Nifty remained flat due to divergence from the closing auction session. PSU banks outperformed, while auto and realty lagged. Analysts see valuation support holding, with limited RBI impact and…"
Global_Markets,"South Korea’s Kospi tumbles 5% after 2-day rally, angry retail investors vow not to invest again",The Times of India,2026-08-06 03:49:37+00:00,https://economictimes.indiatimes.com/markets/us-stocks/news/south-koreas-kospi-tumbles-5-after-2-day-rally-angry-retail-investors-vow-not-to-invest-again/articleshow/132980706.cms,South Korea's benchmark Kospi extended its sharp decline on Thursday as a global technology selloff dragged heavyweight chipmakers Samsung Electronics and SK Hynix lower. The slump has intensified losses for retail investors and raised concerns over market co…
RBI,"India's economic growth may moderate in H2FY27, accelerate to 7.2% in FY28: Report",The Times of India,2026-08-06 03:42:50+00:00,https://economictimes.indiatimes.com/news/economy/indicators/indias-economic-growth-may-moderate-in-h2fy27-accelerate-to-7-2-in-fy28-report/articleshow/132980491.cms,"India's economic growth will likely moderate in the second half of FY27. Growth may strengthen to around 7.2 per cent in FY28, says ICICI Bank. The Monetary Policy Committee kept the repo rate unchanged at 5.25 per cent. Most high-frequency indicators point t…"
Indian_IT,Lone warriors! How two mid-tier tech stocks rewarded investors in Rs 10 lakh crore IT crash this year,The Times of India,2026-08-06 03:23:02+00:00,https://economictimes.indiatimes.com/markets/stocks/news/lone-warriors-how-two-mid-tier-tech-stocks-rewarded-investors-in-rs-10-lakh-crore-it-crash-this-year/articleshow/132980074.cms,"Indian IT stocks have seen significant value erosion this year. However, Coforge and LTIMindtree have shown resilience and growth. These companies are performing well due to strong deal wins and AI integration. Analysts see mid-tier firms as more attractive t…"
Indian_IT,"How LIC minted Rs 21,000 crore in mark-to-market gains by betting against AI panic in 3 top IT stocks",The Times of India,2026-08-06 03:04:17+00:00,https://economictimes.indiatimes.com/markets/stocks/news/how-lic-minted-rs-21000-crore-in-mark-to-market-gains-by-betting-against-ai-panic-in-3-top-it-stocks/articleshow/132979744.cms,"LIC gained over Rs 21,000 crore from three top software exporters. This paper profit materialized within thirty-five days after a contrarian investment strategy. The insurer accumulated shares of Infosys, TCS, and HCL Technologies during the June quarter. Thi…"
NIFTY,Sensex Today | Stock Market LIVE Updates: GIFT Nifty signals a muted start; Asian shares trade lower,Economictimes.com,2026-08-06 02:00:07+00:00,https://m.economictimes.com/markets/stocks/live-blog/bse-sensex-today-nifty50-stock-market-live-updates-gift-nifty-pb-fintech-lic-share-price-06-august-2026/liveblog/132979184.cms,"Sensex Today | Nifty 50 | Stock Market Live Updates: Domestic equities ended marginally higher on Wednesday, with the Nifty closing flat at 24,624 as gains in metal, auto and realty stocks offset profit booking in index heavyweights."
RBI,"Repo rate unchanged, RBI sees higher growth, lower inflation",The Times of India,2026-08-06 01:45:57+00:00,https://timesofindia.indiatimes.com/business/india-business/repo-rate-unchanged-rbi-sees-higher-growth-lower-inflation/articleshow/132979086.cms,India Business News: MUMBAI: RBI raised its growth projections and lowered inflation estimates while the monetary policy committee voted unanimously to keep the repo rate .
RBI,Best of BS Opinion: Inflation projections demand monetary tightening,Business Standard,2026-08-06 00:45:07+00:00,https://www.business-standard.com/opinion/specials/best-of-bs-opinion-inflation-projections-demand-monetary-tightening-126080501859_1.html,"Today's opinions examine the RBI's inflation dilemma, rising life insurance surrenders, India's employment crisis, possible UPI charges and the shift from food to nutrition security"
RBI,"RBI holds repo rate at 5.25%, raises FY27 growth forecast, cuts inflation outlook",The Times of India,2026-08-06 00:30:00+00:00,https://economictimes.indiatimes.com/news/economy/indicators/rbi-holds-repo-rate-at-5-25-raises-fy27-growth-forecast-cuts-inflation-outlook/articleshow/132968065.cms,"The RBI kept the repo rate unchanged at 5.25% for the fourth straight policy review, retained its neutral stance, raised its FY27 growth forecast to 6.7%, and lowered the inflation projection to 5%. It also announced revised loan pricing norms, plans to resum…"
NIFTY,LIC's second act smarter price tag,The Times of India,2026-08-05 17:37:39+00:00,https://economictimes.indiatimes.com/opinion/et-editorial/lics-second-act-smarter-price-tag/articleshow/132956244.cms,"The Life Insurance Corporation is gearing up for a monumental offer for sale, potentially the largest in history. This move allows the government to gauge interest from investors ahead of further share sales. It plays a crucial role in achieving India's dives…"
RBI,"MPC keeps repo rate unchanged at 5.25%, retains neutral stance amid uncertainty",BusinessLine,2026-08-05 16:41:13+00:00,https://www.thehindubusinessline.com/money-and-banking/mpc-keeps-repo-rate-unchanged-at-525-retains-neutral-stance-amid-uncertainty/article71309387.ece,"RBI maintains repo rate at 5.25%, revises FY27 inflation forecast to 5%, and slightly raises GDP growth projection to 6.7%."
RBI,"Banks welcome RBI's steady rates, see boost to credit growth",The Times of India,2026-08-05 16:19:50+00:00,https://economictimes.indiatimes.com/industry/banking/finance/banking/banks-welcome-rbis-steady-rates-see-boost-to-credit-growth/articleshow/132950570.cms,The Reserve Bank of India kept its benchmark repo rate steady at 5.25 percent.  It also raised its economic growth forecast and lowered inflation projections.  Bankers welcomed the policy stability and proposed regulatory measures for transparency.  The centr…
NIFTY,Ahead of Market: 10 things that will decide stock market action on Thursday,The Times of India,2026-08-05 15:55:47+00:00,https://economictimes.indiatimes.com/markets/stocks/news/ahead-of-market-10-things-that-will-decide-stock-market-action-on-thursday/articleshow/132948002.cms,"Indian equities ended marginally higher despite sharp swings driven by closing auction session confusion. RBI maintained rates, raised FY27 GDP outlook and lowered inflation forecast. Realty, auto and metal stocks outperformed, while analysts expect Nifty to …"
NIFTY,SEBI rules out immediate review of new closing auction session,BusinessLine,2026-08-05 15:50:38+00:00,https://www.thehindubusinessline.com/markets/sebi-rules-out-immediate-review-of-new-closing-auction/article71310372.ece,"SEBI will not review the new closing auction rules immediately, urging brokers to enhance investor awareness and display auction prices."
RBI,"Top Business & Market Headlines Today — BL Morning Report, August 6, 2026",BusinessLine,2026-08-05 15:37:36+00:00,https://www.thehindubusinessline.com/multimedia/audio/bl-morning-report-august-6-2026/article71309343.ece,"BL Morning Report August 6, 2026: Get today’s top business news, market headlines about the Stock Market, Sensex & Nifty trends, key market insights, economic highlights, and the latest updates from India and global markets."
RBI,Sanguine note,BusinessLine,2026-08-05 15:33:35+00:00,https://www.thehindubusinessline.com/opinion/editorial/sanguine-note/article71309323.ece,Surprising optimism from RBI on growth and inflation
RBI,Monetary policy status quo: the decision taken by RBI’s rate-setting panel is inexplicable,Livemint,2026-08-05 14:29:44+00:00,https://www.livemint.com/opinion/online-views/monetary-policy-status-quo-decision-rbi-s-ratesetting-panel-mpc-inflation-11785842693529.html,A focus on core rather than headline inflation goes against the Reserve Bank of India's inflation-targeting mandate. This is likely to cost the country dearly. Perhaps the MPC needs a reminder of the advice given by one former RBI governor to another.
Indian_Banking,"Private banks top FCNR (B) deposit drive led by ICICI, HSBC; SBI No. 1 PSB",BusinessLine,2026-08-03 16:13:29+00:00,https://www.thehindubusinessline.com/money-and-banking/private-banks-top-fcnr-b-deposit-drive-led-by-icici-hsbc-sbi-no-1-psb/article71302142.ece,"The scheme aims to attract stable foreign currency inflows, strengthen India’s balance of payments, bolster forex reserves and support rupee stability"
Global_Markets,"Sensex today | Stock Market Highlights: Nifty jumps 391 points to reclaim 24,750; Sensex gains 544 as IT, banks lead rally",BusinessLine,2026-08-03 10:58:20+00:00,https://www.thehindubusinessline.com/markets/sensex-nifty50-today-stock-market-highlights-3rd-august-2026/article71298312.ece,"Sensex Today, Nifty 50 | Stock Market Highlights: Indian benchmark indices ended sharply higher on Monday, with the BSE Sensex rising 544.39 points (0.70%) to close at 78,639.03, while the Nifty 50 surged 390.70 points (1.60%) to settle at 24,774.30."
Global_Markets,Global investors dump $13 billion in South Korean stocks but keep buying chipmakers,Crypto Briefing,2026-08-03 06:52:10+00:00,https://cryptobriefing.com/global-investors-south-korean-stocks-chipmakers/,"The selloff highlights the volatility in tech-driven markets and underscores the risks of leverage, while chipmakers remain a strategic focus.
The post Global investors dump $13 billion in South Korean stocks but keep buying chipmakers appeared first on Crypt…"
Indian_IT,"High dividend yield stocks: Vedanta, Coal India among 15 largecap stocks with high dividend yields. Do you own any?",Economictimes.com,2026-08-03 03:17:50+00:00,https://m.economictimes.com/markets/stocks/news/high-dividend-yield-stocks-vedanta-coal-india-among-15-largecap-stocks-with-high-dividend-yields-do-you-own-any/high-yield-havens/slideshow/132817939.cms,"While the Indian stock market sees sharp upswings and downswings amid the seesaw political game in the Middle East, elevated crude prices, and global AI trade, investors keep cashing in dividends announced by companies. Domestic brokerage firm Axis Direct’ la…"
Global_Markets,South Korea’s stock market faces volatility amid AI-driven rally and historic slump,Crypto Briefing,2026-08-03 03:05:48+00:00,https://cryptobriefing.com/south-korea-kospi-ai-rally-slump-volatility/,"The KOSPI's volatility highlights the risks of market concentration and the broader impact of AI sentiment on global financial stability.
The post South Korea’s stock market faces volatility amid AI-driven rally and historic slump appeared first on Crypto Bri…"
